---,Category,DisplayName,BaseDamage,HeadshotMultiplier,LegMultiplier,FireRate,WeaponRange,MaxAmmo,ReloadTime,FireMode,AmmoType,BulletSpeed,BulletGravityScale,RecoilPitchMin,RecoilPitchMax,RecoilYawMin,RecoilYawMax,RecoilRecoverySpeed,ADSFOVMultiplier,bIsShotgun,PelletCount,SpreadAngle,ThrowForce,FuseTime,ExplosionDamage,ExplosionRadius,bIsSticky,StickyDamage,PickupStaticMesh,WeaponMesh1P,WeaponMesh3P,MeshScale,MeshRotation,MeshLocationOffset,MuzzleSocketName,ThrowableMesh,ThrowableMeshScale,ThrowableMeshRotation,WeaponIcon,AmmoIcon,MuzzleFlashFX,BulletTracerFX,ImpactFX,ExplosionFX,FireSound,ReloadSound,EmptySound,ExplosionSound,FireAnimation1P,ReloadAnimation1P,FireAnimation3P,ReloadAnimation3P,BurstShotCount,BurstInterval,bIsIncendiary,FireZoneDuration,FireZoneTickInterval,FireZoneClass,ThrowableGravityScale,ThrowableBounciness,EquipSound,ThrowSound,Notes,ProjectileClass,BulletImpactDecal,BulletImpactFX,BulletImpactSound,BloodImpactFX,BloodImpactSound,BulletDecalSize,BulletDecalLifeSpan,SpreadPattern,FireFX,ShockFX,FireZoneDamagePerTick,FireZoneExtent,PickupAmmoCount
R301,Rifle,R-301 Carbine,14,2,0.75,0.1,5000,20,2,Auto,Light,30000,0.3,-0.3,-0.6,-0.15,0.15,5,0.7,FALSE,0,0,0,0,0,0,FALSE,0,,/Game/OJJ/Gun/source/Apex_Legends_R301_VOID_DISRUPTION_Mythic.Apex_Legends_R301_VOID_DISRUPTION_Mythic,/Game/OJJ/Gun/source/Apex_Legends_R301_VOID_DISRUPTION_Mythic.Apex_Legends_R301_VOID_DISRUPTION_Mythic,"(X=0.030000,Y=0.030000,Z=0.030000)","(Pitch=11.310236,Yaw=116.880075,Roll=-13.599437)","(X=-5.797616,Y=-2.042954,Z=-14.137948)",MuzzleSocket,None,"(X=0.04,Y=0.04,Z=0.04)","(Pitch=0,Yaw=-90,Roll=0)",/Script/Engine.Texture2D'/Game/OJJ/UI/WeaponIcons/WeaponIcon_R301.WeaponIcon_R301',/Script/Engine.Texture2D'/Game/OJJ/UI/AmmoIcons/AmmoIcon_Heavy.AmmoIcon_Heavy',/Script/Niagara.NiagaraSystem'/Game/OJJ/VFX/NS_MuzzleFlash_Generic.NS_MuzzleFlash_Generic',/Script/Niagara.NiagaraSystem'/Game/OJJ/VFX/NS_BulletTracer.NS_BulletTracer',,None,/Script/Engine.SoundWave'/Game/OJJ/Sounds/Firearm/Fire/R301_Fire.R301_Fire',/Script/Engine.SoundWave'/Game/OJJ/Sounds/Firearm/Reload/R301_Re.R301_Re',,None,,,,,3,0.06,FALSE,0,0,,1,0,/Script/Engine.SoundWave'/Game/OJJ/Sounds/Firearm/Equip/R301_St.R301_St',,AR / 풀오토 / 경량탄,/Game/OJJ/BP/BP_BulletProjectile.BP_BulletProjectile_C,/Script/Engine.MaterialInterface'/Game/OJJ/Materials/M_BulletHole.M_BulletHole',,,,,"(X=8.000000,Y=8.000000,Z=8.000000)",15,Random,,,0,"(X=0.000000,Y=0.000000,Z=0.000000)",0
Flatline,Rifle,VK-47 Flatline,19,2,0.75,0.1,5000,20,2.4,Auto,Heavy,28000,0.4,-0.4,-0.75,-0.2,0.2,4.5,0.7,FALSE,0,0,0,0,0,0,FALSE,0,,/Game/OJJ/Gun/vk-47-flatline-ar/source/Apex_Legends_VK-47_Flatline_AR.Apex_Legends_VK-47_Flatline_AR,/Game/OJJ/Gun/vk-47-flatline-ar/source/Apex_Legends_VK-47_Flatline_AR.Apex_Legends_VK-47_Flatline_AR,"(X=0.030000,Y=0.030000,Z=0.030000)","(Pitch=11.310236,Yaw=116.880075,Roll=-13.599437)","(X=-26.212127,Y=-6.201609,Z=-8.971821)",MuzzleSocket,None,"(X=0.04,Y=0.04,Z=0.04)","(Pitch=0,Yaw=-90,Roll=0)",/Script/Engine.Texture2D'/Game/OJJ/UI/WeaponIcons/WeaponIcon_Flatline.WeaponIcon_Flatline',/Script/Engine.Texture2D'/Game/OJJ/UI/AmmoIcons/AmmoIcon_Heavy.AmmoIcon_Heavy',/Script/Niagara.NiagaraSystem'/Game/OJJ/VFX/NS_MuzzleFlash_Generic.NS_MuzzleFlash_Generic',/Script/Niagara.NiagaraSystem'/Game/OJJ/VFX/NS_BulletTracer.NS_BulletTracer',,None,/Script/Engine.SoundWave'/Game/OJJ/Sounds/Firearm/Fire/Flatline_Fire.Flatline_Fire',/Script/Engine.SoundWave'/Game/OJJ/Sounds/Firearm/Reload/Flatline_Re.Flatline_Re',,None,,,,,3,0.06,FALSE,0,0,,1,0,/Script/Engine.SoundWave'/Game/OJJ/Sounds/Firearm/Equip/Flatline_St.Flatline_St',,AR / 풀오토 / 중량탄,/Game/OJJ/BP/BP_BulletProjectile.BP_BulletProjectile_C,/Script/Engine.MaterialInterface'/Game/OJJ/Materials/M_BulletHole.M_BulletHole',,,,,"(X=8.000000,Y=8.000000,Z=8.000000)",15,Random,,,0,"(X=0.000000,Y=0.000000,Z=0.000000)",0
Hemlok,Rifle,Hemlok Burst AR,22,2,0.75,0.2,5000,24,2.4,Burst,Heavy,27500,0.4,-0.35,-0.7,-0.15,0.15,4.5,0.7,FALSE,0,0,0,0,0,0,FALSE,0,,/Game/OJJ/Gun/hemlok-burst-ar/source/Apex_Legends_Hemlok_Burst_AR.Apex_Legends_Hemlok_Burst_AR,/Game/OJJ/Gun/hemlok-burst-ar/source/Apex_Legends_Hemlok_Burst_AR.Apex_Legends_Hemlok_Burst_AR,"(X=0.030000,Y=0.030000,Z=0.030000)","(Pitch=11.310236,Yaw=116.880075,Roll=-13.599437)","(X=-26.212127,Y=-6.201609,Z=-8.971821)",MuzzleSocket,None,"(X=0.04,Y=0.04,Z=0.04)","(Pitch=0,Yaw=-90,Roll=0)",/Script/Engine.Texture2D'/Game/OJJ/UI/WeaponIcons/WeaponIcon_Hemlok.WeaponIcon_Hemlok',/Script/Engine.Texture2D'/Game/OJJ/UI/AmmoIcons/AmmoIcon_Heavy.AmmoIcon_Heavy',/Script/Niagara.NiagaraSystem'/Game/OJJ/VFX/NS_MuzzleFlash_Generic.NS_MuzzleFlash_Generic',/Script/Niagara.NiagaraSystem'/Game/OJJ/VFX/NS_BulletTracer.NS_BulletTracer',,None,/Script/Engine.SoundWave'/Game/OJJ/Sounds/Firearm/Fire/Hemlok_Fire.Hemlok_Fire',/Script/Engine.SoundWave'/Game/OJJ/Sounds/Firearm/Reload/Hemlok_Re.Hemlok_Re',,None,,,,,3,0.06,FALSE,0,0,,1,0,/Script/Engine.SoundWave'/Game/OJJ/Sounds/Firearm/Equip/Hemlok_St.Hemlok_St',,AR / 3점사 / 중량탄,/Game/OJJ/BP/BP_BulletProjectile.BP_BulletProjectile_C,/Script/Engine.MaterialInterface'/Game/OJJ/Materials/M_BulletHole.M_BulletHole',,,,,"(X=8.000000,Y=8.000000,Z=8.000000)",15,Random,,,0,"(X=0.000000,Y=0.000000,Z=0.000000)",0
Havoc,Rifle,Havoc Rifle,18,2,0.75,0.085,5000,32,3.2,Auto,Energy,40000,0.1,-0.25,-0.5,-0.1,0.1,5.5,0.7,FALSE,0,0,0,0,0,0,FALSE,0,,/Game/OJJ/Gun/havoc-rifle-ar/source/Apex_Legends_HAVOC_Rifle_AR.Apex_Legends_HAVOC_Rifle_AR,/Game/OJJ/Gun/havoc-rifle-ar/source/Apex_Legends_HAVOC_Rifle_AR.Apex_Legends_HAVOC_Rifle_AR,"(X=0.030000,Y=0.030000,Z=0.030000)","(Pitch=11.310236,Yaw=116.880075,Roll=-13.599437)","(X=-23.794647,Y=-6.326202,Z=-0.360205)",MuzzleSocket,None,"(X=0.04,Y=0.04,Z=0.04)","(Pitch=0,Yaw=-90,Roll=0)",/Script/Engine.Texture2D'/Game/OJJ/UI/WeaponIcons/WeaponIcon_Havoc.WeaponIcon_Havoc',/Script/Engine.Texture2D'/Game/OJJ/UI/AmmoIcons/AmmoIcon_Energy.AmmoIcon_Energy',/Script/Niagara.NiagaraSystem'/Game/OJJ/VFX/NS_MuzzleFlash_Generic.NS_MuzzleFlash_Generic',/Script/Niagara.NiagaraSystem'/Game/OJJ/VFX/NS_BulletTracer.NS_BulletTracer',,None,/Script/Engine.SoundWave'/Game/OJJ/Sounds/Firearm/Fire/Havoc_Fire.Havoc_Fire',/Script/Engine.SoundWave'/Game/OJJ/Sounds/Firearm/Reload/Havoc_Re.Havoc_Re',,None,,,,,3,0.06,FALSE,0,0,,1,0,/Script/Engine.SoundWave'/Game/OJJ/Sounds/Firearm/Equip/Havoc_St.Havoc_St',,AR / 에너지 / 빠른 탄속,/Game/OJJ/BP/BP_BulletProjectile.BP_BulletProjectile_C,/Script/Engine.MaterialInterface'/Game/OJJ/Materials/M_BulletHole.M_BulletHole',,,,,"(X=8.000000,Y=8.000000,Z=8.000000)",15,Random,,,0,"(X=0.000000,Y=0.000000,Z=0.000000)",0
Nemesis,Rifle,Nemesis Burst AR,17,2,0.75,0.25,5000,24,2.6,Burst,Energy,32000,0.2,-0.3,-0.6,-0.12,0.12,5,0.7,FALSE,0,0,0,0,0,0,FALSE,0,,/Game/OJJ/Gun/nemesis-burst-ar/source/Apex_Legends_Nemesis_Burst_AR.Apex_Legends_Nemesis_Burst_AR,/Game/OJJ/Gun/nemesis-burst-ar/source/Apex_Legends_Nemesis_Burst_AR.Apex_Legends_Nemesis_Burst_AR,"(X=0.030000,Y=0.030000,Z=0.030000)","(Pitch=11.310236,Yaw=116.880075,Roll=-13.599437)","(X=-36.538771,Y=-13.884359,Z=1.432738)",MuzzleSocket,None,"(X=0.04,Y=0.04,Z=0.04)","(Pitch=0,Yaw=-90,Roll=0)",/Script/Engine.Texture2D'/Game/OJJ/UI/WeaponIcons/WeaponIcon_Nemesis.WeaponIcon_Nemesis',/Script/Engine.Texture2D'/Game/OJJ/UI/AmmoIcons/AmmoIcon_Energy.AmmoIcon_Energy',/Script/Niagara.NiagaraSystem'/Game/OJJ/VFX/NS_MuzzleFlash_Generic.NS_MuzzleFlash_Generic',/Script/Niagara.NiagaraSystem'/Game/OJJ/VFX/NS_BulletTracer.NS_BulletTracer',,None,/Script/Engine.SoundWave'/Game/OJJ/Sounds/Firearm/Fire/Nemesis_Fire.Nemesis_Fire',/Script/Engine.SoundWave'/Game/OJJ/Sounds/Firearm/Reload/Nemesis_Re.Nemesis_Re',,None,,,,,4,0.05,FALSE,0,0,,1,0,/Script/Engine.SoundWave'/Game/OJJ/Sounds/Firearm/Equip/Nemesis_St.Nemesis_St',,AR / 4점사 / 에너지,/Game/OJJ/BP/BP_BulletProjectile.BP_BulletProjectile_C,/Script/Engine.MaterialInterface'/Game/OJJ/Materials/M_BulletHole.M_BulletHole',,,,,"(X=8.000000,Y=8.000000,Z=8.000000)",15,Random,,,0,"(X=0.000000,Y=0.000000,Z=0.000000)",0
R99,Rifle,R-99 SMG,11,2,0.75,0.055,5000,20,1.8,Auto,Light,28000,0.35,-0.25,-0.45,-0.15,0.15,5.5,0.75,FALSE,0,0,0,0,0,0,FALSE,0,,/Game/OJJ/Gun/r-99-smg/textures/source/Apex_Legends_C_A_R__SMG.Apex_Legends_C_A_R__SMG,/Game/OJJ/Gun/r-99-smg/textures/source/Apex_Legends_C_A_R__SMG.Apex_Legends_C_A_R__SMG,"(X=0.030000,Y=0.030000,Z=0.030000)","(Pitch=11.310236,Yaw=116.880075,Roll=-13.599437)","(X=-24.208732,Y=-5.654526,Z=-2.679496)",MuzzleSocket,None,"(X=0.04,Y=0.04,Z=0.04)","(Pitch=0,Yaw=-90,Roll=0)",/Script/Engine.Texture2D'/Game/OJJ/UI/WeaponIcons/WeaponIcon_R99.WeaponIcon_R99',/Script/Engine.Texture2D'/Game/OJJ/UI/AmmoIcons/AmmoIcon_Light.AmmoIcon_Light',/Script/Niagara.NiagaraSystem'/Game/OJJ/VFX/NS_MuzzleFlash_Generic.NS_MuzzleFlash_Generic',/Script/Niagara.NiagaraSystem'/Game/OJJ/VFX/NS_BulletTracer.NS_BulletTracer',,None,/Script/Engine.SoundWave'/Game/OJJ/Sounds/Firearm/Fire/R99_Fire.R99_Fire',/Script/Engine.SoundWave'/Game/OJJ/Sounds/Firearm/Reload/R99_Re.R99_Re',,None,,,,,3,0.06,FALSE,0,0,,1,0,/Script/Engine.SoundWave'/Game/OJJ/Sounds/Firearm/Equip/R99_St.R99_St',,SMG / 초고속 연사,/Game/OJJ/BP/BP_BulletProjectile.BP_BulletProjectile_C,/Script/Engine.MaterialInterface'/Game/OJJ/Materials/M_BulletHole.M_BulletHole',,,,,"(X=8.000000,Y=8.000000,Z=8.000000)",15,Random,,,0,"(X=0.000000,Y=0.000000,Z=0.000000)",0
Volt,Rifle,Volt SMG,15,2,0.75,0.1,5000,19,2.1,Auto,Energy,35000,0.2,-0.3,-0.5,-0.15,0.15,5,0.75,FALSE,0,0,0,0,0,0,FALSE,0,,/Game/OJJ/Gun/volt-smg/source/Apex_Legends_Volt_SMG.Apex_Legends_Volt_SMG,/Game/OJJ/Gun/volt-smg/source/Apex_Legends_Volt_SMG.Apex_Legends_Volt_SMG,"(X=0.030000,Y=0.030000,Z=0.030000)","(Pitch=11.310236,Yaw=116.880075,Roll=-13.599437)","(X=-25.016977,Y=-5.224483,Z=-8.791926)",MuzzleSocket,None,"(X=0.04,Y=0.04,Z=0.04)","(Pitch=0,Yaw=-90,Roll=0)",/Script/Engine.Texture2D'/Game/OJJ/UI/WeaponIcons/WeaponIcon_Volt.WeaponIcon_Volt',/Script/Engine.Texture2D'/Game/OJJ/UI/AmmoIcons/AmmoIcon_Light.AmmoIcon_Light',/Script/Niagara.NiagaraSystem'/Game/OJJ/VFX/NS_MuzzleFlash_Generic.NS_MuzzleFlash_Generic',/Script/Niagara.NiagaraSystem'/Game/OJJ/VFX/NS_BulletTracer.NS_BulletTracer',,None,/Script/Engine.SoundWave'/Game/OJJ/Sounds/Firearm/Fire/Volt_Fire.Volt_Fire',/Script/Engine.SoundWave'/Game/OJJ/Sounds/Firearm/Reload/Volt_Re.Volt_Re',,None,,,,,3,0.06,FALSE,0,0,,1,0,/Script/Engine.SoundWave'/Game/OJJ/Sounds/Firearm/Equip/Volt_St.Volt_St',,SMG / 에너지탄,/Game/OJJ/BP/BP_BulletProjectile.BP_BulletProjectile_C,/Script/Engine.MaterialInterface'/Game/OJJ/Materials/M_BulletHole.M_BulletHole',,,,,"(X=8.000000,Y=8.000000,Z=8.000000)",15,Random,,,0,"(X=0.000000,Y=0.000000,Z=0.000000)",0
Spitfire,Rifle,M600 Spitfire,18,2,0.75,0.14,7000,35,3,Auto,Heavy,27000,0.4,-0.5,-0.85,-0.25,0.25,4,0.7,FALSE,0,0,0,0,0,0,FALSE,0,,/Game/OJJ/Gun/m600-spitfire-lmg/source/Apex_Legends_M600_Spitfire_LMG.Apex_Legends_M600_Spitfire_LMG,/Game/OJJ/Gun/m600-spitfire-lmg/source/Apex_Legends_M600_Spitfire_LMG.Apex_Legends_M600_Spitfire_LMG,"(X=0.030000,Y=0.030000,Z=0.030000)","(Pitch=11.310236,Yaw=116.880075,Roll=-13.599437)","(X=-29.713153,Y=-10.245278,Z=1.107808)",MuzzleSocket,None,"(X=0.04,Y=0.04,Z=0.04)","(Pitch=0,Yaw=-90,Roll=0)",/Script/Engine.Texture2D'/Game/OJJ/UI/WeaponIcons/WeaponIcon_Spitfire.WeaponIcon_Spitfire',/Script/Engine.Texture2D'/Game/OJJ/UI/AmmoIcons/AmmoIcon_Heavy.AmmoIcon_Heavy',/Script/Niagara.NiagaraSystem'/Game/OJJ/VFX/NS_MuzzleFlash_Generic.NS_MuzzleFlash_Generic',/Script/Niagara.NiagaraSystem'/Game/OJJ/VFX/NS_BulletTracer.NS_BulletTracer',,None,/Script/Engine.SoundWave'/Game/OJJ/Sounds/Firearm/Fire/Spitfire_Fire.Spitfire_Fire',/Script/Engine.SoundWave'/Game/OJJ/Sounds/Firearm/Reload/Spitfire_Re.Spitfire_Re',,None,,,,,3,0.06,FALSE,0,0,,1,0,/Script/Engine.SoundWave'/Game/OJJ/Sounds/Firearm/Equip/Spitfire_St.Spitfire_St',,LMG / 35발 대용량,/Game/OJJ/BP/BP_BulletProjectile.BP_BulletProjectile_C,/Script/Engine.MaterialInterface'/Game/OJJ/Materials/M_BulletHole.M_BulletHole',,,,,"(X=8.000000,Y=8.000000,Z=8.000000)",15,Random,,,0,"(X=0.000000,Y=0.000000,Z=0.000000)",0
Devotion,Rifle,Devotion LMG,16,2,0.75,0.15,6000,36,3.2,Auto,Energy,32000,0.25,-0.4,-0.7,-0.2,0.2,4.5,0.7,FALSE,0,0,0,0,0,0,FALSE,0,,/Game/OJJ/Gun/devotion-lmg/source/Apex_Legends_Devotion_LMG.Apex_Legends_Devotion_LMG,/Game/OJJ/Gun/devotion-lmg/source/Apex_Legends_Devotion_LMG.Apex_Legends_Devotion_LMG,"(X=0.030000,Y=0.030000,Z=0.030000)","(Pitch=11.310236,Yaw=116.880075,Roll=-13.599437)","(X=-29.800570,Y=-9.831374,Z=-9.700441)",MuzzleSocket,None,"(X=0.04,Y=0.04,Z=0.04)","(Pitch=0,Yaw=-90,Roll=0)",/Script/Engine.Texture2D'/Game/OJJ/UI/WeaponIcons/WeaponIcon_Devotion.WeaponIcon_Devotion',/Script/Engine.Texture2D'/Game/OJJ/UI/AmmoIcons/AmmoIcon_Energy.AmmoIcon_Energy',/Script/Niagara.NiagaraSystem'/Game/OJJ/VFX/NS_MuzzleFlash_Generic.NS_MuzzleFlash_Generic',/Script/Niagara.NiagaraSystem'/Game/OJJ/VFX/NS_BulletTracer.NS_BulletTracer',,None,/Script/Engine.SoundWave'/Game/OJJ/Sounds/Firearm/Fire/Devotion_Fire.Devotion_Fire',/Script/Engine.SoundWave'/Game/OJJ/Sounds/Firearm/Reload/Devotion_Re.Devotion_Re',,None,,,,,3,0.06,FALSE,0,0,,1,0,/Script/Engine.SoundWave'/Game/OJJ/Sounds/Firearm/Equip/Devotion_St.Devotion_St',,LMG / 가속 연사,/Game/OJJ/BP/BP_BulletProjectile.BP_BulletProjectile_C,/Script/Engine.MaterialInterface'/Game/OJJ/Materials/M_BulletHole.M_BulletHole',,,,,"(X=8.000000,Y=8.000000,Z=8.000000)",15,Random,,,0,"(X=0.000000,Y=0.000000,Z=0.000000)",0
G7Scout,Sniper,G7 Scout,34,2,0.75,0.3,8000,10,2.4,Semi,Light,35000,0.25,-0.6,-0.9,-0.15,0.15,5,0.6,FALSE,0,0,0,0,0,0,FALSE,0,,/Game/OJJ/Gun/g7-scout-marksman/source/Apex_Legends_G7_Scout_Marksman.Apex_Legends_G7_Scout_Marksman,/Game/OJJ/Gun/g7-scout-marksman/source/Apex_Legends_G7_Scout_Marksman.Apex_Legends_G7_Scout_Marksman,"(X=0.030000,Y=0.030000,Z=0.030000)","(Pitch=11.310236,Yaw=116.880075,Roll=-13.599437)","(X=-31.449530,Y=-7.653365,Z=-11.211816)",MuzzleSocket,None,"(X=0.04,Y=0.04,Z=0.04)","(Pitch=0,Yaw=-90,Roll=0)",/Script/Engine.Texture2D'/Game/OJJ/UI/WeaponIcons/WeaponIcon_G7Scout.WeaponIcon_G7Scout',/Script/Engine.Texture2D'/Game/OJJ/UI/AmmoIcons/AmmoIcon_Sniper.AmmoIcon_Sniper',/Script/Niagara.NiagaraSystem'/Game/OJJ/VFX/NS_MuzzleFlash_Generic.NS_MuzzleFlash_Generic',/Script/Niagara.NiagaraSystem'/Game/OJJ/VFX/NS_BulletTracer.NS_BulletTracer',,None,/Script/Engine.SoundWave'/Game/OJJ/Sounds/Firearm/Fire/G7Scout_Fire.G7Scout_Fire',/Script/Engine.SoundWave'/Game/OJJ/Sounds/Firearm/Reload/G7Scout_Re.G7Scout_Re',,None,,,,,3,0.06,FALSE,0,0,,1,0,/Script/Engine.SoundWave'/Game/OJJ/Sounds/Firearm/Equip/G7Scout_St.G7Scout_St',,마크스맨 / 반자동,/Game/OJJ/BP/BP_BulletProjectile.BP_BulletProjectile_C,/Script/Engine.MaterialInterface'/Game/OJJ/Materials/M_BulletHole.M_BulletHole',,,,,"(X=8.000000,Y=8.000000,Z=8.000000)",15,Random,,,0,"(X=0.000000,Y=0.000000,Z=0.000000)",0
Repeater3030,Sniper,30-30 Repeater,42,2,0.75,0.5,8000,6,2.4,Semi,Heavy,32000,0.3,-0.7,-1,-0.2,0.2,4.5,0.6,FALSE,0,0,0,0,0,0,FALSE,0,,/Game/OJJ/Gun/30-30-repeater-void-impulse/source/Apex_Legends_30-30_Repeater_Void_Impulse_Reactive.Apex_Legends_30-30_Repeater_Void_Impulse_Reactive,/Game/OJJ/Gun/30-30-repeater-void-impulse/source/Apex_Legends_30-30_Repeater_Void_Impulse_Reactive.Apex_Legends_30-30_Repeater_Void_Impulse_Reactive,"(X=0.030000,Y=0.030000,Z=0.030000)","(Pitch=11.310236,Yaw=116.880075,Roll=-13.599437)","(X=-29.191677,Y=-7.277457,Z=-2.142758)",MuzzleSocket,None,"(X=0.04,Y=0.04,Z=0.04)","(Pitch=0,Yaw=-90,Roll=0)",/Script/Engine.Texture2D'/Game/OJJ/UI/WeaponIcons/WeaponIcon_Repeater3030.WeaponIcon_Repeater3030',/Script/Engine.Texture2D'/Game/OJJ/UI/AmmoIcons/AmmoIcon_Sniper.AmmoIcon_Sniper',/Script/Niagara.NiagaraSystem'/Game/OJJ/VFX/NS_MuzzleFlash_Generic.NS_MuzzleFlash_Generic',/Script/Niagara.NiagaraSystem'/Game/OJJ/VFX/NS_BulletTracer.NS_BulletTracer',,None,/Script/Engine.SoundWave'/Game/OJJ/Sounds/Firearm/Fire/Repeater3030_Fire.Repeater3030_Fire',/Script/Engine.SoundWave'/Game/OJJ/Sounds/Firearm/Reload/Repeater3030_Re.Repeater3030_Re',,None,,,,,3,0.06,FALSE,0,0,,1,0,/Script/Engine.SoundWave'/Game/OJJ/Sounds/Firearm/Equip/Repeater3030_St.Repeater3030_St',,마크스맨 / 레버액션,/Game/OJJ/BP/BP_BulletProjectile.BP_BulletProjectile_C,/Script/Engine.MaterialInterface'/Game/OJJ/Materials/M_BulletHole.M_BulletHole',,,,,"(X=8.000000,Y=8.000000,Z=8.000000)",15,Random,,,0,"(X=0.000000,Y=0.000000,Z=0.000000)",0
Longbow,Sniper,Longbow DMR,55,2.15,0.8,1.5,10000,6,2.66,Semi,Heavy,40000,0.15,-1,-1.5,-0.4,0.4,3,0.4,FALSE,0,0,0,0,0,0,FALSE,0,,/Game/OJJ/Gun/longbow-dmr/source/Apex_Legends_Longbow_DMR.Apex_Legends_Longbow_DMR,/Game/OJJ/Gun/longbow-dmr/source/Apex_Legends_Longbow_DMR.Apex_Legends_Longbow_DMR,"(X=0.030000,Y=0.030000,Z=0.030000)","(Pitch=11.310236,Yaw=116.880075,Roll=-13.599437)","(X=-36.081920,Y=-9.185369,Z=-1.127702)",MuzzleSocket,None,"(X=0.04,Y=0.04,Z=0.04)","(Pitch=0,Yaw=-90,Roll=0)",/Script/Engine.Texture2D'/Game/OJJ/UI/WeaponIcons/WeaponIcon_Longbow.WeaponIcon_Longbow',/Script/Engine.Texture2D'/Game/OJJ/UI/AmmoIcons/AmmoIcon_Sniper.AmmoIcon_Sniper',/Script/Niagara.NiagaraSystem'/Game/OJJ/VFX/NS_MuzzleFlash_Generic.NS_MuzzleFlash_Generic',/Script/Niagara.NiagaraSystem'/Game/OJJ/VFX/NS_BulletTracer.NS_BulletTracer',,None,/Script/Engine.SoundWave'/Game/OJJ/Sounds/Firearm/Fire/Longbow_Fire.Longbow_Fire',/Script/Engine.SoundWave'/Game/OJJ/Sounds/Firearm/Reload/Longbow_Re.Longbow_Re',,None,,,,,3,0.06,FALSE,0,0,,1,0,/Script/Engine.SoundWave'/Game/OJJ/Sounds/Firearm/Equip/Longbow_St.Longbow_St',,저격 / 반자동,/Game/OJJ/BP/BP_BulletProjectile.BP_BulletProjectile_C,/Script/Engine.MaterialInterface'/Game/OJJ/Materials/M_BulletHole.M_BulletHole',,,,,"(X=8.000000,Y=8.000000,Z=8.000000)",15,Random,,,0,"(X=0.000000,Y=0.000000,Z=0.000000)",0
Peacekeeper,Shotgun,Peacekeeper,11,2,0.75,1,5000,6,2.5,Pump,Shotgun,20000,0.5,-0.8,-1.2,-0.3,0.3,3,0.7,TRUE,8,5,0,0,0,0,FALSE,0,,/Game/OJJ/Gun/source/Apex_Legends_Peacekeeper_Shotgun.Apex_Legends_Peacekeeper_Shotgun,/Game/OJJ/Gun/source/Apex_Legends_Peacekeeper_Shotgun.Apex_Legends_Peacekeeper_Shotgun,"(X=0.030000,Y=0.030000,Z=0.030000)","(Pitch=11.310236,Yaw=116.880075,Roll=-13.599437)","(X=-15.499708,Y=-3.682616,Z=-9.199747)",MuzzleSocket,None,"(X=0.04,Y=0.04,Z=0.04)","(Pitch=0,Yaw=-90,Roll=0)",/Script/Engine.Texture2D'/Game/OJJ/UI/WeaponIcons/WeaponIcon_Peacekeeper.WeaponIcon_Peacekeeper',/Script/Engine.Texture2D'/Game/OJJ/UI/AmmoIcons/AmmoIcon_Shotgun.AmmoIcon_Shotgun',/Script/Niagara.NiagaraSystem'/Game/OJJ/VFX/NS_MuzzleFlash_Shotgun.NS_MuzzleFlash_Shotgun',/Script/Niagara.NiagaraSystem'/Game/OJJ/VFX/NS_BulletTracer.NS_BulletTracer',,None,/Script/Engine.SoundWave'/Game/OJJ/Sounds/Firearm/Fire/Peacekeeper_Fire.Peacekeeper_Fire',/Script/Engine.SoundWave'/Game/OJJ/Sounds/Firearm/Reload/Peacekeeper_Re.Peacekeeper_Re',,None,,,,,3,0.06,FALSE,0,0,,1,0,/Script/Engine.SoundWave'/Game/OJJ/Sounds/Firearm/Equip/Peacekeeper_St.Peacekeeper_St',,샷건 / 펌프액션,/Game/OJJ/BP/BP_BulletProjectile.BP_BulletProjectile_C,/Script/Engine.MaterialInterface'/Game/OJJ/Materials/M_BulletHole.M_BulletHole',,,,,"(X=8.000000,Y=8.000000,Z=8.000000)",15,Circular,,,0,"(X=0.000000,Y=0.000000,Z=0.000000)",0
Mastiff,Shotgun,Mastiff Shotgun,13,2,0.75,0.45,5000,6,2.6,Semi,Shotgun,22000,0.5,-0.7,-1,-0.25,0.25,3.5,0.7,TRUE,8,4,0,0,0,0,FALSE,0,,/Game/OJJ/Gun/mastiff-shotgun/source/Apex_Legends_Mastiff_Shotgun.Apex_Legends_Mastiff_Shotgun,/Game/OJJ/Gun/mastiff-shotgun/source/Apex_Legends_Mastiff_Shotgun.Apex_Legends_Mastiff_Shotgun,"(X=0.030000,Y=0.030000,Z=0.030000)","(Pitch=11.310236,Yaw=116.880075,Roll=-13.599437)","(X=-43.666051,Y=-20.802352,Z=-1.599234)",MuzzleSocket,None,"(X=0.04,Y=0.04,Z=0.04)","(Pitch=0,Yaw=-90,Roll=0)",/Script/Engine.Texture2D'/Game/OJJ/UI/WeaponIcons/WeaponIcon_Mastiff.WeaponIcon_Mastiff',/Script/Engine.Texture2D'/Game/OJJ/UI/AmmoIcons/AmmoIcon_Shotgun.AmmoIcon_Shotgun',/Script/Niagara.NiagaraSystem'/Game/OJJ/VFX/NS_MuzzleFlash_Shotgun.NS_MuzzleFlash_Shotgun',/Script/Niagara.NiagaraSystem'/Game/OJJ/VFX/NS_BulletTracer.NS_BulletTracer',,None,/Script/Engine.SoundWave'/Game/OJJ/Sounds/Firearm/Fire/Mastiff_Fire.Mastiff_Fire',/Script/Engine.SoundWave'/Game/OJJ/Sounds/Firearm/Reload/Mastiff_Re.Mastiff_Re',,None,,,,,3,0.06,FALSE,0,0,,1,0,/Script/Engine.SoundWave'/Game/OJJ/Sounds/Firearm/Equip/Mastiff_St.Mastiff_St',,샷건 / 반자동,/Game/OJJ/BP/BP_BulletProjectile.BP_BulletProjectile_C,/Script/Engine.MaterialInterface'/Game/OJJ/Materials/M_BulletHole.M_BulletHole',,,,,"(X=8.000000,Y=8.000000,Z=8.000000)",15,Horizontal,,,0,"(X=0.000000,Y=0.000000,Z=0.000000)",0
EVA8,Shotgun,EVA-8 Auto,7,2,0.75,0.5,5000,8,2.4,Auto,Shotgun,20000,0.5,-0.5,-0.8,-0.2,0.2,4,0.7,TRUE,9,5.5,0,0,0,0,FALSE,0,,/Game/OJJ/Gun/eva-8-auto-shotgun/source/Apex_Legends_EVA-8_Auto_Shotgun.Apex_Legends_EVA-8_Auto_Shotgun,/Game/OJJ/Gun/eva-8-auto-shotgun/source/Apex_Legends_EVA-8_Auto_Shotgun.Apex_Legends_EVA-8_Auto_Shotgun,"(X=0.030000,Y=0.030000,Z=0.030000)","(Pitch=11.310236,Yaw=116.880075,Roll=-13.599437)","(X=-32.887441,Y=-8.646669,Z=-13.618278)",MuzzleSocket,None,"(X=0.04,Y=0.04,Z=0.04)","(Pitch=0,Yaw=-90,Roll=0)",/Script/Engine.Texture2D'/Game/OJJ/UI/WeaponIcons/WeaponIcon_EVA8.WeaponIcon_EVA8',/Script/Engine.Texture2D'/Game/OJJ/UI/AmmoIcons/AmmoIcon_Shotgun.AmmoIcon_Shotgun',/Script/Niagara.NiagaraSystem'/Game/OJJ/VFX/NS_MuzzleFlash_Shotgun.NS_MuzzleFlash_Shotgun',/Script/Niagara.NiagaraSystem'/Game/OJJ/VFX/NS_BulletTracer.NS_BulletTracer',,None,/Script/Engine.SoundWave'/Game/OJJ/Sounds/Firearm/Fire/EVA8_Fire.EVA8_Fire',/Script/Engine.SoundWave'/Game/OJJ/Sounds/Firearm/Reload/EVA8_Re.EVA8_Re',,None,,,,,3,0.06,FALSE,0,0,,1,0,/Script/Engine.SoundWave'/Game/OJJ/Sounds/Firearm/Equip/EVA8_St.EVA8_St',,샷건 / 풀오토,/Game/OJJ/BP/BP_BulletProjectile.BP_BulletProjectile_C,/Script/Engine.MaterialInterface'/Game/OJJ/Materials/M_BulletHole.M_BulletHole',,,,,"(X=8.000000,Y=8.000000,Z=8.000000)",15,Circular,,,0,"(X=0.000000,Y=0.000000,Z=0.000000)",0
Wingman,Pistol,Wingman,18,2,0.75,0.15,5000,12,1.5,Semi,Light,25000,0.4,-0.5,-0.8,-0.2,0.2,4,0.7,FALSE,0,0,0,0,0,0,FALSE,0,,/Game/OJJ/Gun/source/Apex_Legends_Wingman_Pistol.Apex_Legends_Wingman_Pistol,/Game/OJJ/Gun/source/Apex_Legends_Wingman_Pistol.Apex_Legends_Wingman_Pistol,"(X=0.030000,Y=0.030000,Z=0.030000)","(Pitch=11.310236,Yaw=116.880075,Roll=-13.599437)","(X=-20.179567,Y=-4.417392,Z=-2.770431)",MuzzleSocket,None,"(X=0.04,Y=0.04,Z=0.04)","(Pitch=0,Yaw=-90,Roll=0)",/Script/Engine.Texture2D'/Game/OJJ/UI/WeaponIcons/WeaponIcon_Wingman.WeaponIcon_Wingman',/Script/Engine.Texture2D'/Game/OJJ/UI/AmmoIcons/AmmoIcon_Sniper.AmmoIcon_Sniper',/Script/Niagara.NiagaraSystem'/Game/OJJ/VFX/NS_MuzzleFlash_Generic.NS_MuzzleFlash_Generic',/Script/Niagara.NiagaraSystem'/Game/OJJ/VFX/NS_BulletTracer.NS_BulletTracer',,None,/Script/Engine.SoundWave'/Game/OJJ/Sounds/Firearm/Fire/Wingman_Fire.Wingman_Fire',/Script/Engine.SoundWave'/Game/OJJ/Sounds/Firearm/Reload/Wingman_Re.Wingman_Re',,None,,,,,3,0.06,FALSE,0,0,,1,0,/Script/Engine.SoundWave'/Game/OJJ/Sounds/Firearm/Equip/Wingman_St.Wingman_St',,권총 / 리볼버,/Game/OJJ/BP/BP_BulletProjectile.BP_BulletProjectile_C,/Script/Engine.MaterialInterface'/Game/OJJ/Materials/M_BulletHole.M_BulletHole',,,,,"(X=8.000000,Y=8.000000,Z=8.000000)",15,Random,,,0,"(X=0.000000,Y=0.000000,Z=0.000000)",0
P2020,Pistol,P2020,15,2,0.75,0.15,5000,10,1.25,Semi,Light,24000,0.4,-0.2,-0.4,-0.1,0.1,6,0.7,FALSE,0,0,0,0,0,0,FALSE,0,,/Game/OJJ/Gun/mastiff-shotgun/source/Apex_Legends_P2020_Pistol.Apex_Legends_P2020_Pistol,/Game/OJJ/Gun/mastiff-shotgun/source/Apex_Legends_P2020_Pistol.Apex_Legends_P2020_Pistol,"(X=0.030000,Y=0.030000,Z=0.030000)","(Pitch=11.310236,Yaw=116.880075,Roll=-13.599437)","(X=-18.573299,Y=-4.619658,Z=-7.721192)",MuzzleSocket,None,"(X=0.04,Y=0.04,Z=0.04)","(Pitch=0,Yaw=-90,Roll=0)",/Script/Engine.Texture2D'/Game/OJJ/UI/WeaponIcons/WeaponIcon_P2020.WeaponIcon_P2020',/Script/Engine.Texture2D'/Game/OJJ/UI/AmmoIcons/AmmoIcon_Light.AmmoIcon_Light',/Script/Niagara.NiagaraSystem'/Game/OJJ/VFX/NS_MuzzleFlash_Generic.NS_MuzzleFlash_Generic',/Script/Niagara.NiagaraSystem'/Game/OJJ/VFX/NS_BulletTracer.NS_BulletTracer',,None,/Script/Engine.SoundWave'/Game/OJJ/Sounds/Firearm/Fire/P2020_Fire.P2020_Fire',/Script/Engine.SoundWave'/Game/OJJ/Sounds/Firearm/Reload/P2020_Re.P2020_Re',,None,,,,,3,0.06,FALSE,0,0,,1,0,/Script/Engine.SoundWave'/Game/OJJ/Sounds/Firearm/Equip/P2020_St.P2020_St',,권총 / 기본 반자동,/Game/OJJ/BP/BP_BulletProjectile.BP_BulletProjectile_C,/Script/Engine.MaterialInterface'/Game/OJJ/Materials/M_BulletHole.M_BulletHole',,,,,"(X=8.000000,Y=8.000000,Z=8.000000)",15,Random,,,0,"(X=0.000000,Y=0.000000,Z=0.000000)",0
RE45,Pistol,RE-45 Auto,12,2,0.75,0.09,5000,16,1.5,Auto,Light,25000,0.4,-0.3,-0.55,-0.15,0.15,5,0.7,FALSE,0,0,0,0,0,0,FALSE,0,,/Game/OJJ/Gun/re-45-auto-pistol/source/Apex_Legends_RE-45_Auto_Pistol.Apex_Legends_RE-45_Auto_Pistol,/Game/OJJ/Gun/re-45-auto-pistol/source/Apex_Legends_RE-45_Auto_Pistol.Apex_Legends_RE-45_Auto_Pistol,"(X=0.030000,Y=0.030000,Z=0.030000)","(Pitch=11.310236,Yaw=116.880075,Roll=-13.599437)","(X=-20.426088,Y=-4.634678,Z=-14.551594)",MuzzleSocket,None,"(X=0.04,Y=0.04,Z=0.04)","(Pitch=0,Yaw=-90,Roll=0)",/Script/Engine.Texture2D'/Game/OJJ/UI/WeaponIcons/WeaponIcon_RE45.WeaponIcon_RE45',/Script/Engine.Texture2D'/Game/OJJ/UI/AmmoIcons/AmmoIcon_Light.AmmoIcon_Light',/Script/Niagara.NiagaraSystem'/Game/OJJ/VFX/NS_MuzzleFlash_Generic.NS_MuzzleFlash_Generic',/Script/Niagara.NiagaraSystem'/Game/OJJ/VFX/NS_BulletTracer.NS_BulletTracer',,None,/Script/Engine.SoundWave'/Game/OJJ/Sounds/Firearm/Fire/RE45_Fire.RE45_Fire',/Script/Engine.SoundWave'/Game/OJJ/Sounds/Firearm/Reload/RE45_Re.RE45_Re',,None,,,,,3,0.06,FALSE,0,0,,1,0,/Script/Engine.SoundWave'/Game/OJJ/Sounds/Firearm/Equip/RE45_St.RE45_St',,권총 / 풀오토,/Game/OJJ/BP/BP_BulletProjectile.BP_BulletProjectile_C,/Script/Engine.MaterialInterface'/Game/OJJ/Materials/M_BulletHole.M_BulletHole',,,,,"(X=8.000000,Y=8.000000,Z=8.000000)",15,Random,,,0,"(X=0.000000,Y=0.000000,Z=0.000000)",0
FragGrenade,Throwable,Frag Grenade,80,1,1,0,0,0,0,Auto,Light,0,0,0,0,0,0,0,1,FALSE,0,0,3200,2,80,500,FALSE,0,,None,None,"(X=0.04,Y=0.04,Z=0.04)","(Pitch=0,Yaw=-90,Roll=0)","(X=180.0,Y=40.0,Z=0.0)",None,/Game/OJJ/Gun/source/HaloFragbyAbiSV.HaloFragbyAbiSV,"(X=0.04,Y=0.04,Z=0.04)","(Pitch=0,Yaw=0,Roll=0)",/Script/Engine.Texture2D'/Game/OJJ/UI/WeaponIcons/WeaponIcon_FragGrenade.WeaponIcon_FragGrenade',,None,None,None,/Script/Niagara.NiagaraSystem'/Game/OJJ/VFX/NS_FragExplosion.NS_FragExplosion',None,None,None,/Script/Engine.SoundWave'/Game/OJJ/Sounds/Throwable/Explosion/FragGrenade_Boom.FragGrenade_Boom',None,None,None,None,0,0,FALSE,0,0,,2,0.3,/Script/Engine.SoundWave'/Game/OJJ/Sounds/Throwable/Equip/FragGrenade_St.FragGrenade_St',/Script/Engine.SoundWave'/Game/OJJ/Sounds/Throwable/Throw/FragGrenade_Throw.FragGrenade_Throw',투척 / 프래그,,,,,,,,,Random,,,0,"(X=0.000000,Y=0.000000,Z=0.000000)",0
Thermite,Throwable,Thermite Grenade,20,1,1,0,0,0,0,Auto,Light,0,0,0,0,0,0,0,1,FALSE,0,0,3200,3,0,400,FALSE,0,,None,None,"(X=0.04,Y=0.04,Z=0.04)","(Pitch=0,Yaw=-90,Roll=0)","(X=180.0,Y=40.0,Z=0.0)",None,/Game/OJJ/Gun/thermite-grenade/source/Thermite_Grenade_2.Thermite_Grenade_2,"(X=0.04,Y=0.04,Z=0.04)","(Pitch=0,Yaw=0,Roll=0)",/Script/Engine.Texture2D'/Game/OJJ/UI/WeaponIcons/WeaponIcon_Thermite.WeaponIcon_Thermite',,None,None,None,/Script/Niagara.NiagaraSystem'/Game/OJJ/VFX/NS_FragExplosion.NS_FragExplosion',None,None,None,/Script/Engine.SoundWave'/Game/OJJ/Sounds/Throwable/Explosion/Thermite_Boom.Thermite_Boom',None,None,None,None,0,0,TRUE,5,0.5,,2,0,/Script/Engine.SoundWave'/Game/OJJ/Sounds/Throwable/Equip/Thermite_St.Thermite_St',/Script/Engine.SoundWave'/Game/OJJ/Sounds/Throwable/Throw/Thermite_Throw.Thermite_Throw',투척 / 지속 화염,,,,,,,,,Random,/Script/Niagara.NiagaraSystem'/Game/OJJ/VFX/NS_ThermiteFire.NS_ThermiteFire',,5,"(X=100.000000,Y=500.000000,Z=100.000000)",0
ArcStar,Throwable,Arc Star,60,1,1,0,0,0,0,Auto,Light,0,0,0,0,0,0,0,1,FALSE,0,0,3200,3,60,400,TRUE,10,,None,None,"(X=0.04,Y=0.04,Z=0.04)","(Pitch=0,Yaw=-90,Roll=0)","(X=180.0,Y=40.0,Z=0.0)",None,/Game/OJJ/Gun/source/Shuriken_low.Shuriken_low,"(X=0.04,Y=0.04,Z=0.04)","(Pitch=0,Yaw=0,Roll=0)",/Script/Engine.Texture2D'/Game/OJJ/UI/WeaponIcons/WeaponIcon_ArcStar.WeaponIcon_ArcStar',,None,None,None,/Script/Niagara.NiagaraSystem'/Game/OJJ/VFX/NS_FragExplosion.NS_FragExplosion',None,None,None,/Script/Engine.SoundWave'/Game/OJJ/Sounds/Throwable/Explosion/ArcStar_Boom.ArcStar_Boom',None,None,None,None,0,0,FALSE,0,0,,1.5,0,/Script/Engine.SoundWave'/Game/OJJ/Sounds/Throwable/Equip/ArcStar_St.ArcStar_St',/Script/Engine.SoundWave'/Game/OJJ/Sounds/Throwable/Throw/ArcStar_Throw.ArcStar_Throw',투척 / 부착식,,,,,,,,,Random,,/Script/Niagara.NiagaraSystem'/Game/OJJ/VFX/NS_ArcStarShock.NS_ArcStarShock',0,"(X=0.000000,Y=0.000000,Z=0.000000)",0
AmmoLight,Ammo,Light Ammo,,,,,,60,,,Light,,,,,,,,,,,,,,,,,,/Game/OJJ/Bullet/source/SM_AmmoLight.SM_AmmoLight,,,"(X=2,Y=2,Z=2)","(X=2,Y=2,Z=2)","(X=2,Y=2,Z=2)",,,,,,,,,,,,,,,,,,,,,,,,,,,,,,,,,,,,,,,,,,,60
AmmoHeavy,Ammo,Heavy Ammo,,,,,,60,,,Heavy,,,,,,,,,,,,,,,,,,/Game/OJJ/Bullet/source/SM_AmmoHeavy.SM_AmmoHeavy,,,"(X=2,Y=2,Z=2)","(X=2,Y=2,Z=2)","(X=2,Y=2,Z=2)",,,,,,,,,,,,,,,,,,,,,,,,,,,,,,,,,,,,,,,,,,,60
AmmoEnergy,Ammo,Energy Ammo,,,,,,60,,,Energy,,,,,,,,,,,,,,,,,,/Game/OJJ/Bullet/source/SM_AmmoEnergy.SM_AmmoEnergy,,,"(X=2,Y=2,Z=2)","(X=2,Y=2,Z=2)","(X=2,Y=2,Z=2)",,,,,,,,,,,,,,,,,,,,,,,,,,,,,,,,,,,,,,,,,,,60
AmmoShotgun,Ammo,Shotgun Ammo,,,,,,16,,,Shotgun,,,,,,,,,,,,,,,,,,/Game/OJJ/Bullet/source/SM_AmmoShotgun.SM_AmmoShotgun,,,"(X=2,Y=2,Z=2)","(X=2,Y=2,Z=2)","(X=2,Y=2,Z=2)",,,,,,,,,,,,,,,,,,,,,,,,,,,,,,,,,,,,,,,,,,,16